{
"meta":{"test_sets":[],"test_metrics":[],"learn_metrics":[{"best_value":"Min","name":"RMSE"}],"launch_mode":"Train","parameters":"","iteration_count":100,"learn_sets":["learn"],"name":"experiment"},
"iterations":[
{"learn":[14.005006],"iteration":0,"passed_time":0.0007712354827,"remaining_time":0.07635231279},
{"learn":[13.14441192],"iteration":1,"passed_time":0.001391637381,"remaining_time":0.06819023169},
{"learn":[12.34258257],"iteration":2,"passed_time":0.002000370436,"remaining_time":0.06467864409},
{"learn":[11.64527793],"iteration":3,"passed_time":0.002505516205,"remaining_time":0.06013238893},
{"learn":[11.02766183],"iteration":4,"passed_time":0.003127300336,"remaining_time":0.05941870639},
{"learn":[10.43485794],"iteration":5,"passed_time":0.003696319256,"remaining_time":0.05790900167},
{"learn":[9.890641275],"iteration":6,"passed_time":0.004378195279,"remaining_time":0.05816745156},
{"learn":[9.492161212],"iteration":7,"passed_time":0.004995622373,"remaining_time":0.05744965729},
{"learn":[9.105082953],"iteration":8,"passed_time":0.005590753462,"remaining_time":0.05652872944},
{"learn":[8.674157135],"iteration":9,"passed_time":0.006177781464,"remaining_time":0.05560003318},
{"learn":[8.341743544],"iteration":10,"passed_time":0.006797251859,"remaining_time":0.05499594686},
{"learn":[8.049372916],"iteration":11,"passed_time":0.007401718022,"remaining_time":0.0542792655},
{"learn":[7.757318612],"iteration":12,"passed_time":0.008017031704,"remaining_time":0.05365244294},
{"learn":[7.522206899],"iteration":13,"passed_time":0.008656679835,"remaining_time":0.05317674756},
{"learn":[7.297756655],"iteration":14,"passed_time":0.009330843403,"remaining_time":0.05287477929},
{"learn":[7.088359431],"iteration":15,"passed_time":0.009973411401,"remaining_time":0.05236040986},
{"learn":[6.882113791],"iteration":16,"passed_time":0.01064621793,"remaining_time":0.05197859342},
{"learn":[6.704728832],"iteration":17,"passed_time":0.011275489,"remaining_time":0.05136611655},
{"learn":[6.563881962],"iteration":18,"passed_time":0.01192652552,"remaining_time":0.05084466144},
{"learn":[6.418790279],"iteration":19,"passed_time":0.01261908364,"remaining_time":0.05047633458},
{"learn":[6.315756953],"iteration":20,"passed_time":0.01330928827,"remaining_time":0.05006827492},
{"learn":[6.210157751],"iteration":21,"passed_time":0.01398928155,"remaining_time":0.04959836187},
{"learn":[6.115058449],"iteration":22,"passed_time":0.01469716503,"remaining_time":0.0492035525},
{"learn":[6.014819884],"iteration":23,"passed_time":0.01533571078,"remaining_time":0.04856308413},
{"learn":[5.93117229],"iteration":24,"passed_time":0.01598835019,"remaining_time":0.04796505057},
{"learn":[5.844857622],"iteration":25,"passed_time":0.01663151339,"remaining_time":0.04733584581},
{"learn":[5.771145213],"iteration":26,"passed_time":0.01727242872,"remaining_time":0.04669952951},
{"learn":[5.704018229],"iteration":27,"passed_time":0.0179756996,"remaining_time":0.04622322754},
{"learn":[5.665806474],"iteration":28,"passed_time":0.0186647123,"remaining_time":0.04569636459},
{"learn":[5.616500369],"iteration":29,"passed_time":0.0193379043,"remaining_time":0.04512177669},
{"learn":[5.558023666],"iteration":30,"passed_time":0.01997031559,"remaining_time":0.04445005728},
{"learn":[5.510080976],"iteration":31,"passed_time":0.02062580385,"remaining_time":0.04382983318},
{"learn":[5.468747792],"iteration":32,"passed_time":0.0212858097,"remaining_time":0.04321664394},
{"learn":[5.429275534],"iteration":33,"passed_time":0.02205589333,"remaining_time":0.04281438116},
{"learn":[5.402117324],"iteration":34,"passed_time":0.0228394739,"remaining_time":0.04241616581},
{"learn":[5.367635151],"iteration":35,"passed_time":0.02360241083,"remaining_time":0.04195984147},
{"learn":[5.345181232],"iteration":36,"passed_time":0.02425175947,"remaining_time":0.0412935364},
{"learn":[5.319151269],"iteration":37,"passed_time":0.02492208229,"remaining_time":0.04066234479},
{"learn":[5.296134146],"iteration":38,"passed_time":0.02559001064,"remaining_time":0.04002540126},
{"learn":[5.269629003],"iteration":39,"passed_time":0.02627969442,"remaining_time":0.03941954163},
{"learn":[5.251147059],"iteration":40,"passed_time":0.02699601152,"remaining_time":0.03884791902},
{"learn":[5.248003302],"iteration":41,"passed_time":0.02729551003,"remaining_time":0.03769379957},
{"learn":[5.232376509],"iteration":42,"passed_time":0.02795671783,"remaining_time":0.03705890503},
{"learn":[5.213524255],"iteration":43,"passed_time":0.02860929684,"remaining_time":0.03641183235},
{"learn":[5.189691584],"iteration":44,"passed_time":0.02926550141,"remaining_time":0.03576894617},
{"learn":[5.166052198],"iteration":45,"passed_time":0.02992632859,"remaining_time":0.03513090748},
{"learn":[5.140406659],"iteration":46,"passed_time":0.03057618806,"remaining_time":0.03447953122},
{"learn":[5.118929684],"iteration":47,"passed_time":0.03125602595,"remaining_time":0.03386069477},
{"learn":[5.108792602],"iteration":48,"passed_time":0.03187660813,"remaining_time":0.03317769418},
{"learn":[5.098141225],"iteration":49,"passed_time":0.0325753168,"remaining_time":0.0325753168},
{"learn":[5.085926393],"iteration":50,"passed_time":0.0332038318,"remaining_time":0.03190172075},
{"learn":[5.067816804],"iteration":51,"passed_time":0.03386085253,"remaining_time":0.03125617156},
{"learn":[5.049834901],"iteration":52,"passed_time":0.03449270292,"remaining_time":0.03058786862},
{"learn":[5.03838627],"iteration":53,"passed_time":0.03519616896,"remaining_time":0.0299819217},
{"learn":[5.033534248],"iteration":54,"passed_time":0.03564116759,"remaining_time":0.0291609553},
{"learn":[5.023726885],"iteration":55,"passed_time":0.03632480161,"remaining_time":0.02854091555},
{"learn":[5.01290392],"iteration":56,"passed_time":0.03702541304,"remaining_time":0.02793145194},
{"learn":[5.005569127],"iteration":57,"passed_time":0.03773412755,"remaining_time":0.02732471306},
{"learn":[4.989969032],"iteration":58,"passed_time":0.03836777084,"remaining_time":0.02666234922},
{"learn":[4.976762446],"iteration":59,"passed_time":0.03909465469,"remaining_time":0.02606310313},
{"learn":[4.967222715],"iteration":60,"passed_time":0.03977048641,"remaining_time":0.0254270323},
{"learn":[4.954407599],"iteration":61,"passed_time":0.04048461937,"remaining_time":0.02481315381},
{"learn":[4.942125056],"iteration":62,"passed_time":0.04109737893,"remaining_time":0.02413655588},
{"learn":[4.930230716],"iteration":63,"passed_time":0.04178564042,"remaining_time":0.02350442273},
{"learn":[4.921695642],"iteration":64,"passed_time":0.04253530106,"remaining_time":0.02290362365},
{"learn":[4.906405625],"iteration":65,"passed_time":0.04319807168,"remaining_time":0.02225355208},
{"learn":[4.894330248],"iteration":66,"passed_time":0.04387091828,"remaining_time":0.02160806423},
{"learn":[4.88211557],"iteration":67,"passed_time":0.04452760878,"remaining_time":0.02095416884},
{"learn":[4.877946398],"iteration":68,"passed_time":0.04516645045,"remaining_time":0.02029217339},
{"learn":[4.863182126],"iteration":69,"passed_time":0.0457967884,"remaining_time":0.01962719503},
{"learn":[4.84646533],"iteration":70,"passed_time":0.0465009756,"remaining_time":0.01899335623},
{"learn":[4.838014752],"iteration":71,"passed_time":0.04716059083,"remaining_time":0.01834022977},
{"learn":[4.82981137],"iteration":72,"passed_time":0.04779659793,"remaining_time":0.01767819375},
{"learn":[4.817094767],"iteration":73,"passed_time":0.04845695435,"remaining_time":0.01702541639},
{"learn":[4.808314151],"iteration":74,"passed_time":0.0491329961,"remaining_time":0.01637766537},
{"learn":[4.796235023],"iteration":75,"passed_time":0.04979808016,"remaining_time":0.01572570952},
{"learn":[4.784434534],"iteration":76,"passed_time":0.05051424671,"remaining_time":0.0150886711},
{"learn":[4.774402487],"iteration":77,"passed_time":0.05117647646,"remaining_time":0.0144343908},
{"learn":[4.76731896],"iteration":78,"passed_time":0.05182604516,"remaining_time":0.01377654365},
{"learn":[4.75934113],"iteration":79,"passed_time":0.05248344681,"remaining_time":0.0131208617},
{"learn":[4.754106378],"iteration":80,"passed_time":0.05316240327,"remaining_time":0.01247019336},
{"learn":[4.744002932],"iteration":81,"passed_time":0.05382403175,"remaining_time":0.01181503136},
{"learn":[4.731700554],"iteration":82,"passed_time":0.05446352447,"remaining_time":0.01115517971},
{"learn":[4.723284153],"iteration":83,"passed_time":0.05510571186,"remaining_time":0.01049632607},
{"learn":[4.712232782],"iteration":84,"passed_time":0.05574444336,"remaining_time":0.00983725471},
{"learn":[4.703046867],"iteration":85,"passed_time":0.05640484956,"remaining_time":0.009182184812},
{"learn":[4.698601855],"iteration":86,"passed_time":0.05703575873,"remaining_time":0.008522584637},
{"learn":[4.692429407],"iteration":87,"passed_time":0.05766484465,"remaining_time":0.007863387907},
{"learn":[4.675027364],"iteration":88,"passed_time":0.0583310402,"remaining_time":0.007209454407},
{"learn":[4.662368584],"iteration":89,"passed_time":0.05899576367,"remaining_time":0.006555084853},
{"learn":[4.646206172],"iteration":90,"passed_time":0.05967419929,"remaining_time":0.005901843886},
{"learn":[4.641245848],"iteration":91,"passed_time":0.06040584114,"remaining_time":0.005252681838},
{"learn":[4.633900435],"iteration":92,"passed_time":0.06113827365,"remaining_time":0.004601805544},
{"learn":[4.624738236],"iteration":93,"passed_time":0.06190770653,"remaining_time":0.003951555736},
{"learn":[4.612798287],"iteration":94,"passed_time":0.06262565565,"remaining_time":0.00329608714},
{"learn":[4.605222001],"iteration":95,"passed_time":0.06349546062,"remaining_time":0.002645644193},
{"learn":[4.601725912],"iteration":96,"passed_time":0.06414714273,"remaining_time":0.001983932249},
{"learn":[4.59722371],"iteration":97,"passed_time":0.06491555881,"remaining_time":0.001324807323},
{"learn":[4.580235665],"iteration":98,"passed_time":0.06565378068,"remaining_time":0.0006631695018},
{"learn":[4.57591791],"iteration":99,"passed_time":0.06633084408,"remaining_time":0}
]}